{"stats":{"minecraft:mined":{"minecraft:oak_log":6,"minecraft:stone":51,"minecraft:oak_leaves":3},"minecraft:custom":{"minecraft:time_since_rest":5994,"minecraft:play_time":5994,"minecraft:sprint_one_cm":415,"minecraft:damage_taken":40,"minecraft:walk_one_cm":7499,"minecraft:sneak_time":6,"minecraft:jump":19,"minecraft:time_since_death":5994,"minecraft:walk_on_water_one_cm":59,"minecraft:total_world_time":5994,"minecraft:interact_with_crafting_table":1,"minecraft:fall_one_cm":888,"minecraft:fly_one_cm":302},"minecraft:used":{"minecraft:crafting_table":1,"minecraft:oak_planks":4,"minecraft:wooden_pickaxe":51},"minecraft:picked_up":{"minecraft:oak_log":6,"minecraft:cobblestone":49},"minecraft:crafted":{"minecraft:oak_planks":24,"minecraft:crafting_table":1,"minecraft:stick":4,"minecraft:wooden_pickaxe":1}},"DataVersion":3953}